gender,criminal_propensity,rate
TRUE,1,0.2454780361757106
TRUE,2,0.24806201550387597
TRUE,3,0.31266149870801035
TRUE,4,0.1937984496124031
FALSE,1,0.285
FALSE,2,0.2475
FALSE,3,0.2925
FALSE,4,0.175
