gender,wealth,rate
TRUE,1,0.24603174603174602
TRUE,2,0.17063492063492064
TRUE,3,0.28174603174603174
TRUE,4,0.14682539682539683
TRUE,5,0.15476190476190477
FALSE,1,0.19528619528619529
FALSE,2,0.19865319865319866
FALSE,3,0.2727272727272727
FALSE,4,0.15488215488215487
FALSE,5,0.17845117845117844
