mean_marriages,std_marriages
4.7641218981519495,0.752584877298821
