male?,age_from,inactive_ratio
TRUE,15,0.8280939116593713
TRUE,25,0.5846638655462184
TRUE,35,0.5735860230974237
TRUE,45,0.621841417368574
TRUE,55,0.8377467501203658
FALSE,15,0.8826564360365128
FALSE,25,0.7612942612942614
FALSE,35,0.8235471243601326
FALSE,45,0.8994817239498091
FALSE,55,0.9700942236788201
